CFxxxxxxxxxxxxxxxxxxxxxxxxxxxxxxxx,12
CFxxxxxxxxxxxxxxxxxxxxxxxxxxxxxxxx,16
CFxxxxxxxxxxxxxxxxxxxxxxxxxxxxxxxx,15
CFxxxxxxxxxxxxxxxxxxxxxxxxxxxxxxxx,9
CFxxxxxxxxxxxxxxxxxxxxxxxxxxxxxxxx,6
CFxxxxxxxxxxxxxxxxxxxxxxxxxxxxxxxx,19
CFxxxxxxxxxxxxxxxxxxxxxxxxxxxxxxxx,18
CFxxxxxxxxxxxxxxxxxxxxxxxxxxxxxxxx,12
CFxxxxxxxxxxxxxxxxxxxxxxxxxxxxxxxx,11
CFxxxxxxxxxxxxxxxxxxxxxxxxxxxxxxxx,11
CFxxxxxxxxxxxxxxxxxxxxxxxxxxxxxxxx,8
CFxxxxxxxxxxxxxxxxxxxxxxxxxxxxxxxx,12
CFxxxxxxxxxxxxxxxxxxxxxxxxxxxxxxxx,13
CFxxxxxxxxxxxxxxxxxxxxxxxxxxxxxxxx,6
CFxxxxxxxxxxxxxxxxxxxxxxxxxxxxxxxx,17
CFxxxxxxxxxxxxxxxxxxxxxxxxxxxxxxxx,16
CFxxxxxxxxxxxxxxxxxxxxxxxxxxxxxxxx,14
CFxxxxxxxxxxxxxxxxxxxxxxxxxxxxxxxx,11
CFxxxxxxxxxxxxxxxxxxxxxxxxxxxxxxxx,11
CFxxxxxxxxxxxxxxxxxxxxxxxxxxxxxxxx,12
CFxxxxxxxxxxxxxxxxxxxxxxxxxxxxxxxx,4
CFxxxxxxxxxxxxxxxxxxxxxxxxxxxxxxxx,16
CFxxxxxxxxxxxxxxxxxxxxxxxxxxxxxxxx,12
CFxxxxxxxxxxxxxxxxxxxxxxxxxxxxxxxx,18
CFxxxxxxxxxxxxxxxxxxxxxxxxxxxxxxxx,12
CFxxxxxxxxxxxxxxxxxxxxxxxxxxxxxxxx,5
CFxxxxxxxxxxxxxxxxxxxxxxxxxxxxxxxx,8
CFxxxxxxxxxxxxxxxxxxxxxxxxxxxxxxxx,12
CFxxxxxxxxxxxxxxxxxxxxxxxxxxxxxxxx,9
CFxxxxxxxxxxxxxxxxxxxxxxxxxxxxxxxx,15
CFxxxxxxxxxxxxxxxxxxxxxxxxxxxxxxxx,14
CFxxxxxxxxxxxxxxxxxxxxxxxxxxxxxxxx,8
CFxxxxxxxxxxxxxxxxxxxxxxxxxxxxxxxx,17
CFxxxxxxxxxxxxxxxxxxxxxxxxxxxxxxxx,12
CFxxxxxxxxxxxxxxxxxxxxxxxxxxxxxxxx,12
CFxxxxxxxxxxxxxxxxxxxxxxxxxxxxxxxx,11
CFxxxxxxxxxxxxxxxxxxxxxxxxxxxxxxxx,16
CFxxxxxxxxxxxxxxxxxxxxxxxxxxxxxxxx,5
CFxxxxxxxxxxxxxxxxxxxxxxxxxxxxxxxx,7
CFxxxxxxxxxxxxxxxxxxxxxxxxxxxxxxxx,9
CFxxxxxxxxxxxxxxxxxxxxxxxxxxxxxxxx,12
CFxxxxxxxxxxxxxxxxxxxxxxxxxxxxxxxx,12
CFxxxxxxxxxxxxxxxxxxxxxxxxxxxxxxxx,12
CFxxxxxxxxxxxxxxxxxxxxxxxxxxxxxxxx,8
CFxxxxxxxxxxxxxxxxxxxxxxxxxxxxxxxx,12
CFxxxxxxxxxxxxxxxxxxxxxxxxxxxxxxxx,10
CFxxxxxxxxxxxxxxxxxxxxxxxxxxxxxxxx,7
CFxxxxxxxxxxxxxxxxxxxxxxxxxxxxxxxx,5
CFxxxxxxxxxxxxxxxxxxxxxxxxxxxxxxxx,14
CFxxxxxxxxxxxxxxxxxxxxxxxxxxxxxxxx,9
CFxxxxxxxxxxxxxxxxxxxxxxxxxxxxxxxx,17
CFxxxxxxxxxxxxxxxxxxxxxxxxxxxxxxxx,2
CFxxxxxxxxxxxxxxxxxxxxxxxxxxxxxxxx,6
CFxxxxxxxxxxxxxxxxxxxxxxxxxxxxxxxx,9
CFxxxxxxxxxxxxxxxxxxxxxxxxxxxxxxxx,13
CFxxxxxxxxxxxxxxxxxxxxxxxxxxxxxxxx,10
CFxxxxxxxxxxxxxxxxxxxxxxxxxxxxxxxx,8
CFxxxxxxxxxxxxxxxxxxxxxxxxxxxxxxxx,5
CFxxxxxxxxxxxxxxxxxxxxxxxxxxxxxxxx,12
CFxxxxxxxxxxxxxxxxxxxxxxxxxxxxxxxx,9
CFxxxxxxxxxxxxxxxxxxxxxxxxxxxxxxxx,12
CFxxxxxxxxxxxxxxxxxxxxxxxxxxxxxxxx,5
CFxxxxxxxxxxxxxxxxxxxxxxxxxxxxxxxx,10
CFxxxxxxxxxxxxxxxxxxxxxxxxxxxxxxxx,16
CFxxxxxxxxxxxxxxxxxxxxxxxxxxxxxxxx,13
CFxxxxxxxxxxxxxxxxxxxxxxxxxxxxxxxx,13
CFxxxxxxxxxxxxxxxxxxxxxxxxxxxxxxxx,9
CFxxxxxxxxxxxxxxxxxxxxxxxxxxxxxxxx,4
CFxxxxxxxxxxxxxxxxxxxxxxxxxxxxxxxx,13
CFxxxxxxxxxxxxxxxxxxxxxxxxxxxxxxxx,4
CFxxxxxxxxxxxxxxxxxxxxxxxxxxxxxxxx,4
CFxxxxxxxxxxxxxxxxxxxxxxxxxxxxxxxx,6
CFxxxxxxxxxxxxxxxxxxxxxxxxxxxxxxxx,10
CFxxxxxxxxxxxxxxxxxxxxxxxxxxxxxxxx,7
CFxxxxxxxxxxxxxxxxxxxxxxxxxxxxxxxx,10
CFxxxxxxxxxxxxxxxxxxxxxxxxxxxxxxxx,14
CFxxxxxxxxxxxxxxxxxxxxxxxxxxxxxxxx,14
CFxxxxxxxxxxxxxxxxxxxxxxxxxxxxxxxx,12
CFxxxxxxxxxxxxxxxxxxxxxxxxxxxxxxxx,11
CFxxxxxxxxxxxxxxxxxxxxxxxxxxxxxxxx,10
CFxxxxxxxxxxxxxxxxxxxxxxxxxxxxxxxx,15
CFxxxxxxxxxxxxxxxxxxxxxxxxxxxxxxxx,12
CFxxxxxxxxxxxxxxxxxxxxxxxxxxxxxxxx,8
CFxxxxxxxxxxxxxxxxxxxxxxxxxxxxxxxx,7
CFxxxxxxxxxxxxxxxxxxxxxxxxxxxxxxxx,6
CFxxxxxxxxxxxxxxxxxxxxxxxxxxxxxxxx,8
CFxxxxxxxxxxxxxxxxxxxxxxxxxxxxxxxx,6
CFxxxxxxxxxxxxxxxxxxxxxxxxxxxxxxxx,11
CFxxxxxxxxxxxxxxxxxxxxxxxxxxxxxxxx,3
CFxxxxxxxxxxxxxxxxxxxxxxxxxxxxxxxx,8
CFxxxxxxxxxxxxxxxxxxxxxxxxxxxxxxxx,9
CFxxxxxxxxxxxxxxxxxxxxxxxxxxxxxxxx,12
CFxxxxxxxxxxxxxxxxxxxxxxxxxxxxxxxx,10
