CFxxxxxxxxxxxxxxxxxxxxxxxxxxxxxxxx,13
CFxxxxxxxxxxxxxxxxxxxxxxxxxxxxxxxx,21
CFxxxxxxxxxxxxxxxxxxxxxxxxxxxxxxxx,14
CFxxxxxxxxxxxxxxxxxxxxxxxxxxxxxxxx,17
CFxxxxxxxxxxxxxxxxxxxxxxxxxxxxxxxx,3
CFxxxxxxxxxxxxxxxxxxxxxxxxxxxxxxxx,12
CFxxxxxxxxxxxxxxxxxxxxxxxxxxxxxxxx,18
CFxxxxxxxxxxxxxxxxxxxxxxxxxxxxxxxx,19
CFxxxxxxxxxxxxxxxxxxxxxxxxxxxxxxxx,14
CFxxxxxxxxxxxxxxxxxxxxxxxxxxxxxxxx,9
CFxxxxxxxxxxxxxxxxxxxxxxxxxxxxxxxx,13
CFxxxxxxxxxxxxxxxxxxxxxxxxxxxxxxxx,18
CFxxxxxxxxxxxxxxxxxxxxxxxxxxxxxxxx,20
CFxxxxxxxxxxxxxxxxxxxxxxxxxxxxxxxx,19
CFxxxxxxxxxxxxxxxxxxxxxxxxxxxxxxxx,5
CFxxxxxxxxxxxxxxxxxxxxxxxxxxxxxxxx,9
CFxxxxxxxxxxxxxxxxxxxxxxxxxxxxxxxx,14
CFxxxxxxxxxxxxxxxxxxxxxxxxxxxxxxxx,17
CFxxxxxxxxxxxxxxxxxxxxxxxxxxxxxxxx,14
CFxxxxxxxxxxxxxxxxxxxxxxxxxxxxxxxx,11
CFxxxxxxxxxxxxxxxxxxxxxxxxxxxxxxxx,18
CFxxxxxxxxxxxxxxxxxxxxxxxxxxxxxxxx,22
CFxxxxxxxxxxxxxxxxxxxxxxxxxxxxxxxx,15
CFxxxxxxxxxxxxxxxxxxxxxxxxxxxxxxxx,6
CFxxxxxxxxxxxxxxxxxxxxxxxxxxxxxxxx,11
CFxxxxxxxxxxxxxxxxxxxxxxxxxxxxxxxx,11
CFxxxxxxxxxxxxxxxxxxxxxxxxxxxxxxxx,21
CFxxxxxxxxxxxxxxxxxxxxxxxxxxxxxxxx,18
CFxxxxxxxxxxxxxxxxxxxxxxxxxxxxxxxx,20
CFxxxxxxxxxxxxxxxxxxxxxxxxxxxxxxxx,12
CFxxxxxxxxxxxxxxxxxxxxxxxxxxxxxxxx,17
CFxxxxxxxxxxxxxxxxxxxxxxxxxxxxxxxx,21
CFxxxxxxxxxxxxxxxxxxxxxxxxxxxxxxxx,16
CFxxxxxxxxxxxxxxxxxxxxxxxxxxxxxxxx,5
CFxxxxxxxxxxxxxxxxxxxxxxxxxxxxxxxx,21
CFxxxxxxxxxxxxxxxxxxxxxxxxxxxxxxxx,12
CFxxxxxxxxxxxxxxxxxxxxxxxxxxxxxxxx,20
CFxxxxxxxxxxxxxxxxxxxxxxxxxxxxxxxx,18
CFxxxxxxxxxxxxxxxxxxxxxxxxxxxxxxxx,7
CFxxxxxxxxxxxxxxxxxxxxxxxxxxxxxxxx,6
CFxxxxxxxxxxxxxxxxxxxxxxxxxxxxxxxx,13
CFxxxxxxxxxxxxxxxxxxxxxxxxxxxxxxxx,14
CFxxxxxxxxxxxxxxxxxxxxxxxxxxxxxxxx,22
CFxxxxxxxxxxxxxxxxxxxxxxxxxxxxxxxx,6
CFxxxxxxxxxxxxxxxxxxxxxxxxxxxxxxxx,21
CFxxxxxxxxxxxxxxxxxxxxxxxxxxxxxxxx,13
CFxxxxxxxxxxxxxxxxxxxxxxxxxxxxxxxx,8
CFxxxxxxxxxxxxxxxxxxxxxxxxxxxxxxxx,16
CFxxxxxxxxxxxxxxxxxxxxxxxxxxxxxxxx,16
CFxxxxxxxxxxxxxxxxxxxxxxxxxxxxxxxx,9
CFxxxxxxxxxxxxxxxxxxxxxxxxxxxxxxxx,10
CFxxxxxxxxxxxxxxxxxxxxxxxxxxxxxxxx,12
CFxxxxxxxxxxxxxxxxxxxxxxxxxxxxxxxx,4
CFxxxxxxxxxxxxxxxxxxxxxxxxxxxxxxxx,17
CFxxxxxxxxxxxxxxxxxxxxxxxxxxxxxxxx,1
CFxxxxxxxxxxxxxxxxxxxxxxxxxxxxxxxx,10
CFxxxxxxxxxxxxxxxxxxxxxxxxxxxxxxxx,20
CFxxxxxxxxxxxxxxxxxxxxxxxxxxxxxxxx,17
CFxxxxxxxxxxxxxxxxxxxxxxxxxxxxxxxx,12
CFxxxxxxxxxxxxxxxxxxxxxxxxxxxxxxxx,15
CFxxxxxxxxxxxxxxxxxxxxxxxxxxxxxxxx,13
CFxxxxxxxxxxxxxxxxxxxxxxxxxxxxxxxx,1
CFxxxxxxxxxxxxxxxxxxxxxxxxxxxxxxxx,13
CFxxxxxxxxxxxxxxxxxxxxxxxxxxxxxxxx,25
CFxxxxxxxxxxxxxxxxxxxxxxxxxxxxxxxx,14
CFxxxxxxxxxxxxxxxxxxxxxxxxxxxxxxxx,7
CFxxxxxxxxxxxxxxxxxxxxxxxxxxxxxxxx,7
CFxxxxxxxxxxxxxxxxxxxxxxxxxxxxxxxx,13
CFxxxxxxxxxxxxxxxxxxxxxxxxxxxxxxxx,12
CFxxxxxxxxxxxxxxxxxxxxxxxxxxxxxxxx,14
CFxxxxxxxxxxxxxxxxxxxxxxxxxxxxxxxx,23
CFxxxxxxxxxxxxxxxxxxxxxxxxxxxxxxxx,14
CFxxxxxxxxxxxxxxxxxxxxxxxxxxxxxxxx,11
CFxxxxxxxxxxxxxxxxxxxxxxxxxxxxxxxx,13
CFxxxxxxxxxxxxxxxxxxxxxxxxxxxxxxxx,14
